smiles_1,smiles_2,smiles_3,smiles_4,final_smiles,solvent_name_1
C1=CCCC=CCC1,C1=CCCC=CCC1,,C1=CCCC=CCC1,C1=CCCC=CCC1,"(1z,5z)-cycloocta-1,5-diene"
CC=CC=CC,CC=CC=CC,,CC=CC=CC,CC=CC=CC,"(2e,4e)-2,4-hexadiene"
ClC(Cl)c1ccccc1,ClC(Cl)c1ccccc1,,ClC(Cl)c1ccccc1,ClC(Cl)c1ccccc1,(dichloromethyl)benzene
C=CC=CC,,,C=CC=CC,C=CC=CC,"(e)-1,3-pentadiene"
CC=CC#N,,,CC=CC#N,CC=CC#N,(e)-2-butenenitrile
ClC(Cl)(Cl)c1ccccc1,ClC(Cl)(Cl)c1ccccc1,,ClC(Cl)(Cl)c1ccccc1,ClC(Cl)(Cl)c1ccccc1,(trichloromethyl)benzene
CCC=CCC,CCC=CCC,,CCC=CCC,CCC=CCC,(z)-3-hexene
ClCCBr,,,ClCCBr,ClCCBr,1-bromo-2-chloroethane
CC(C)CBr,CC(C)CBr,,CC(C)CBr,CC(C)CBr,1-bromo-2-methylpropane
CC(C)CCBr,,,CC(C)CCBr,CC(C)CCBr,1-bromo-3-methylbutane
CCCCBr,,,CCCCBr,CCCCBr,1-bromobutane
CCCCCCCCCCCCBr,,,CCCCCCCCCCCCBr,CCCCCCCCCCCCBr,1-bromododecane
CCCCCCCBr,,,CCCCCCCBr,CCCCCCCBr,1-bromoheptane
CCCCCCBr,,,CCCCCCBr,CCCCCCBr,1-bromohexane
Brc1cccc2ccccc12,,,Brc1cccc2ccccc12,Brc1cccc2ccccc12,1-bromonaphthalene
CCCCCCCCBr,,,CCCCCCCCBr,CCCCCCCCBr,1-bromooctane
CCCCCBr,,,CCCCCBr,CCCCCBr,1-bromopentane
CCCBr,,,CCCBr,CCCBr,1-bromopropane
Cc1ccccc1Cl,,,Cc1ccccc1Cl,Cc1ccccc1Cl,1-chloro-2-methylbenzene
CC(C)CCl,CC(C)CCl,,CC(C)CCl,CC(C)CCl,1-chloro-2-methylpropane
ClCC1CO1,ClCC1CO1,,ClCC1CO1,ClCC1CO1,"1-chloro-2,3-epoxypropane"
CC(C)CCCl,CC(C)CCCl,,CC(C)CCCl,CC(C)CCCl,1-chloro-3-methylbutane
CCCCCl,,,CCCCCl,CCCCCl,1-chlorobutane
CCCCCCCl,,,CCCCCCCl,CCCCCCCl,1-chlorohexane
Clc1cccc2ccccc12,,,Clc1cccc2ccccc12,Clc1cccc2ccccc12,1-chloronaphthalene
CCCCCCCCCl,,,CCCCCCCCCl,CCCCCCCCCl,1-chlorooctane
CCCCCCl,,,CCCCCCl,CCCCCCl,1-chloropentane
CCCCl,,,CCCCl,CCCCl,1-chloropropane
CCCCCCCCCCCCO,CCCCCCCCCCCCO,,CCCCCCCCCCCCO,CCCCCCCCCCCCO,1-dodecanol
CCc1ccc(C)cc1,,,CCc1ccc(C)cc1,CCc1ccc(C)cc1,1-ethyl-4-methylbenzene
CCCCCCS,,,CCCCCCS,CCCCCCS,1-hexanethiol
C=CCCCC,,,C=CCCCC,C=CCCCC,1-hexene
CCCCI,,,CCCCI,CCCCI,1-iodobutane
CCCCCCI,CCCCCCI,,CCCCCCI,CCCCCCI,1-iodohexane
CCCCCI,,,CCCCCI,CCCCCI,1-iodopentane
CCCI,,,CCCI,CCCI,1-iodopropane
COc1ccccc1C,,,COc1ccccc1C,COc1ccccc1C,1-methoxy-2-methylbenzene
COc1cccc(C)c1,COc1cccc(C)c1,,COc1cccc(C)c1,COc1cccc(C)c1,1-methoxy-3-methylbenzene
COc1ccc(C)cc1,COc1ccc(C)cc1,,COc1ccc(C)cc1,COc1ccc(C)cc1,1-methoxy-4-methylbenzene
Cc1cccc2ccccc12,,,Cc1cccc2ccccc12,Cc1cccc2ccccc12,1-methylnaphthalene
CCC[N+](=O)[O-],,,CCC[N+](=O)[O-],CCC[N+](=O)[O-],1-nitropropane
C=CCCCCCC,C=CCCCCCC,,C=CCCCCCC,C=CCCCCCC,1-octene
CCCCCS,,,CCCCCS,CCCCCS,1-pentanethiol
C=CCCC,C=CCCC,,C=CCCC,C=CCCC,1-pentene
CCC(=O)c1ccccc1,CCC(=O)c1ccccc1,,CCC(=O)c1ccccc1,CCC(=O)c1ccccc1,1-phenyl-1-propanone
CC(Cl)Cl,,,CC(Cl)Cl,CC(Cl)Cl,"1,1-dichloroethane"
C=C(Cl)Cl,C=C(Cl)Cl,,C=C(Cl)Cl,C=C(Cl)Cl,"1,1-dichloroethene"
CCOC(C)OCC,,,CCOC(C)OCC,CCOC(C)OCC,"1,1-diethoxyethane"
CCOCOCC,CCOCOCC,,CCOCOCC,CCOCOCC,"1,1-diethoxymethane"
CC(Cl)(Cl)Cl,,,CC(Cl)(Cl)Cl,CC(Cl)(Cl)Cl,"1,1,1-trichloroethane"
FC(F)(F)C(Cl)(Cl)Cl,FC(F)(F)C(Cl)(Cl)Cl,,FC(F)(F)C(Cl)(Cl)Cl,FC(F)(F)C(Cl)(Cl)Cl,"1,1,1-trichlorotrifluoroethane"
FC(F)(Cl)C(F)(Cl)Cl,,,FC(F)(Cl)C(F)(Cl)Cl,FC(F)(Cl)C(F)(Cl)Cl,"1,1,2-trichloro-1,2,2-trifluoroethane"
ClCC(Cl)Cl,,,ClCC(Cl)Cl,ClCC(Cl)Cl,"1,1,2-trichloroethane"
BrC(Br)C(Br)Br,,,BrC(Br)C(Br)Br,BrC(Br)C(Br)Br,"1,1,2,2-tetrabromoethane"
ClC(Cl)C(Cl)Cl,,,ClC(Cl)C(Cl)Cl,ClC(Cl)C(Cl)Cl,"1,1,2,2-tetrachloroethane"
NCCN,,,NCCN,NCCN,"1,2-diaminoethane"
BrCCBr,,,BrCCBr,BrCCBr,"1,2-dibromoethane"
Clc1ccccc1Cl,,,Clc1ccccc1Cl,Clc1ccccc1Cl,"1,2-dichlorobenzene"
ClCCCl,,,ClCCCl,ClCCCl,"1,2-dichloroethane"
CC(Cl)CCl,,,CC(Cl)CCl,CC(Cl)CCl,"1,2-dichloropropane"
Fc1ccccc1F,Fc1ccccc1F,,Fc1ccccc1F,Fc1ccccc1F,"1,2-difluorobenzene"
COc1ccccc1OC,,,COc1ccccc1OC,COc1ccccc1OC,"1,2-dimethoxybenzene"
COCCOC,,,COCCOC,COCCOC,"1,2-dimethoxyethane"
Cc1ccccc1C,,,Cc1ccccc1C,Cc1ccccc1C,"1,2-dimethylbenzene"
c1ccc(CCc2ccccc2)cc1,c1ccc(CCc2ccccc2)cc1,,c1ccc(CCc2ccccc2)cc1,c1ccc(CCc2ccccc2)cc1,"1,2-diphenylethane"
CC(O)CO,CC(O)CO,,CC(O)CO,CC(O)CO,"1,2-propanediol"
OCC(O)CO,OCC(O)CO,,OCC(O)CO,OCC(O)CO,"1,2,3-propanetriol"
BrCC(Br)CBr,c1ccc2c(c1)CCC2,,c1ccc2c(c1)CCC2,,"1,2,3-tribromopropane"
ClCC(Cl)CCl,,,ClCC(Cl)CCl,ClCC(Cl)CCl,"1,2,3-trichloropropane"
Clc1ccc(Cl)c(Cl)c1Cl,,,Clc1ccc(Cl)c(Cl)c1Cl,Clc1ccc(Cl)c(Cl)c1Cl,"1,2,3,4-tetrachlorobenzene"
Cc1ccc(C)c(C)c1C,,,Cc1ccc(C)c(C)c1C,Cc1ccc(C)c(C)c1C,"1,2,3,4-tetramethylbenzene"
Clc1ccc(Cl)c(Cl)c1,,,Clc1ccc(Cl)c(Cl)c1,Clc1ccc(Cl)c(Cl)c1,"1,2,4-trichlorobenzene"
C1=CCCC=C1,,,C1=CCCC=C1,C1=CCCC=C1,"1,3-cyclohexadiene"
Brc1cccc(Br)c1,,,Brc1cccc(Br)c1,Brc1cccc(Br)c1,"1,3-dibromobenzene"
Clc1cccc(Cl)c1,,,Clc1cccc(Cl)c1,Clc1cccc(Cl)c1,"1,3-dichlorobenzene"
ClCCCCl,,,ClCCCCl,ClCCCCl,"1,3-dichloropropane"
Fc1cccc(F)c1,Fc1cccc(F)c1,,Fc1cccc(F)c1,Fc1cccc(F)c1,"1,3-difluorobenzene"
Cc1cccc(C)c1,,,Cc1cccc(C)c1,Cc1cccc(C)c1,"1,3-dimethylbenzene"
CN1CCCN(C)C1=O,,,CN1CCCN(C)C1=O,CN1CCCN(C)C1=O,"1,3-dimethyltetrahydropyrimidin-2(1h)-one"
O=C1OCCO1,,,O=C1OCCO1,O=C1OCCO1,"1,3-dioxolan-2-one"
CC12CCC(CC1)C(C)(C)O2,CC12CCC(CC1)C(C)(C)O2,,CC12CCC(CC1)C(C)(C)O2,CC12CCC(CC1)C(C)(C)O2,"1,3,3-trimethyl-2-oxabicyclo[2.2.2]octane"
Cc1cc(C)cc(C)c1,,,Cc1cc(C)cc(C)c1,Cc1cc(C)cc(C)c1,"1,3,5-trimethylbenzene"
OCCCCO,,,OCCCCO,OCCCCO,"1,4-butanediol"
C1=CCC=CC1,,,C1=CCC=CC1,C1=CCC=CC1,"1,4-cyclohexadiene"
Brc1ccc(Br)cc1,,,Brc1ccc(Br)cc1,Brc1ccc(Br)cc1,"1,4-dibromobenzene"
BrCCCCBr,,,BrCCCCBr,BrCCCCBr,"1,4-dibromobutane"
Clc1ccc(Cl)cc1,,,Clc1ccc(Cl)cc1,Clc1ccc(Cl)cc1,"1,4-dichlorobenzene"
ClCCCCCl,,,ClCCCCCl,ClCCCCCl,"1,4-dichlorobutane"
Fc1ccc(F)cc1,Fc1ccc(F)cc1,,Fc1ccc(F)cc1,Fc1ccc(F)cc1,"1,4-difluorobenzene"
Cc1ccc(C)cc1,,,Cc1ccc(C)cc1,Cc1ccc(C)cc1,"1,4-dimethylbenzene"
ClCCCCCCl,ClCCCCCCl,,ClCCCCCCl,ClCCCCCCl,"1,5-dichloropentane"
NCCNCCO,NCCNCCO,,NCCNCCO,NCCNCCO,2-(2-aminoethylamino)ethanol
NCCO,NCCO,,NCCO,NCCO,2-aminoethanol
CCC(C)Br,,,CCC(C)Br,CCC(C)Br,2-bromobutane
CC(C)Br,,,CC(C)Br,CC(C)Br,2-bromopropane
CCC(C)O,,,CCC(C)O,CCC(C)O,2-butanol
CCC(C)=O,CCC(C)=O,,CCC(C)=O,CCC(C)=O,2-butanone
CCCCOCCO,,,CCCCOCCO,CCCCOCCO,2-butoxyethanol
CC(C)(C)Cl,,,CC(C)(C)Cl,CC(C)(C)Cl,2-chloro-2-methylpropane
Nc1ccccc1Cl,,,Nc1ccccc1Cl,Nc1ccccc1Cl,2-chloroaniline
CCC(C)Cl,,,CCC(C)Cl,CCC(C)Cl,2-chlorobutane
N#Cc1ccccn1,,,N#Cc1ccccn1,N#Cc1ccccn1,2-cyanopyridine
CCOCCO,,,CCOCCO,CCOCCO,2-ethoxyethanol
CCCCCC(C)=O,,,CCCCCC(C)=O,CCCCCC(C)=O,2-heptanone
CCCCC(C)=O,,,CCCCC(C)=O,CCCCC(C)=O,2-hexanone
CC(C)I,,,CC(C)I,CC(C)I,2-iodopropane
COC(C)(C)C,COC(C)(C)C,,COC(C)(C)C,COC(C)(C)C,2-methoxy-2-methylpropane
COc1ccccc1N,,,COc1ccccc1N,COc1ccccc1N,2-methoxyaniline
COCCO,,,COCCO,COCCO,2-methoxyethanol
C=C(C)CC,,,C=C(C)CC,C=C(C)CC,2-methyl-1-butene
CCCCCC(C)CO,,,CCCCCC(C)CO,CCCCCC(C)CO,2-methyl-1-heptanol
CC(C)CO,CC(C)CO,,CC(C)CO,CC(C)CO,2-methyl-1-propanol
CCC(C)(C)O,,,CCC(C)(C)O,CCC(C)(C)O,2-methyl-2-butanol
CC(C)(C)c1ccccc1,CC(C)(C)c1ccccc1,CC(C)(C)c1ccccc1,CC(C)(C)c1ccccc1,CC(C)(C)c1ccccc1,2-methyl-2-phenylpropane
CC(C)(C)N,CC(C)(C)N,,CC(C)(C)N,CC(C)(C)N,2-methyl-2-propanamine
CC(C)(C)S,CC(C)(C)S,,CC(C)(C)S,CC(C)(C)S,2-methyl-2-propanethiol
CC(C)(C)O,CC(C)(C)O,,CC(C)(C)O,CC(C)(C)O,2-methyl-2-propanol
CCCCC(O)C(C)C,,,CCCCC(O)C(C)C,CCCCC(O)C(C)C,2-methyl-3-heptanol
Cc1ccccc1N,Cc1ccccc1N,,Cc1ccccc1N,Cc1ccccc1N,2-methylaniline
Cc1ccccc1C#N,,,Cc1ccccc1C#N,Cc1ccccc1C#N,2-methylbenzonitrile
CCCCC(C)C,,,CCCCC(C)C,CCCCC(C)C,2-methylhexane
CCCC(C)C,,,CCCC(C)C,CCCC(C)C,2-methylpentane
CC(C)C(=O)O,CC(C)C(=O)O,,CC(C)C(=O)O,CC(C)C(=O)O,2-methylpropanoic acid
CC(=O)OCC(C)C,CC(=O)OCC(C)C,,CC(=O)OCC(C)C,CC(=O)OCC(C)C,2-methylpropyl acetate
CC(C)COC=O,,,CC(C)COC=O,CC(C)COC=O,2-methylpropyl formate
CC(C)CN,CC(C)CN,,CC(C)CN,CC(C)CN,2-methylpropylamine
CC(C)Cc1ccccc1,CC(C)Cc1ccccc1,,CC(C)Cc1ccccc1,CC(C)Cc1ccccc1,2-methylpropylbenzene
CC1CCCO1,,,CC1CCCO1,CC1CCCO1,2-methyltetrahydrofuran
COc1ccccc1[N+](=O)[O-],COc1ccccc1[N+](=O)[O-],,COc1ccccc1[N+](=O)[O-],COc1ccccc1[N+](=O)[O-],2-nitroanisole
CC(C)[N+](=O)[O-],,,CC(C)[N+](=O)[O-],CC(C)[N+](=O)[O-],2-nitropropane
Cc1ccccc1[N+](=O)[O-],,,Cc1ccccc1[N+](=O)[O-],Cc1ccccc1[N+](=O)[O-],2-nitrotoluene
CCCCCCC(C)O,,,CCCCCCC(C)O,CCCCCCC(C)O,2-octanol
CCCCCCC(C)=O,,,CCCCCCC(C)=O,CCCCCCC(C)=O,2-octanone
CCCC(C)=O,,,CCCC(C)=O,CCCC(C)=O,2-pentanone
N#CCc1ccccc1,N#CCc1ccccc1,,N#CCc1ccccc1,N#CCc1ccccc1,2-phenylacetonitrile
OCCc1ccccc1,,,OCCc1ccccc1,OCCc1ccccc1,2-phenylethanol
CC(C)=O,CC(C)=O,,CC(C)=O,CC(C)=O,2-propanone
C=CCN,,,C=CCN,C=CCN,2-propen-1-amine
C=CCO,,,C=CCO,C=CCO,2-propen-1-ol
C=CC#N,,,C=CC#N,C=CC#N,2-propenenitrile
CCCCCCCCCC(C)=O,,,CCCCCCCCCC(C)=O,CCCCCCCCCC(C)=O,2-undecanone
CC(C)(Cl)Cl,,,CC(C)(Cl)Cl,CC(C)(Cl)Cl,"2,2-dichloropropane"
CCC(C)(C)C,,,CCC(C)(C)C,CCC(C)(C)C,"2,2-dimethylbutane"
CCCC(C)(C)C,,,CCCC(C)(C)C,CCCC(C)(C)C,"2,2-dimethylpentane"
CC(C)(C)C,CC(C)(C)C,,CC(C)(C)C,CC(C)(C)C,"2,2-dimethylpropane"
CC(C)C(C)(C)C,,,CC(C)C(C)(C)C,CC(C)C(C)(C)C,"2,2,3-trimethylbutane"
CC(C)CC(C)(C)C,,,CC(C)CC(C)(C)C,CC(C)CC(C)(C)C,"2,2,4-trimethylpentane"
C=C(C)C(=C)C,,,C=C(C)C(=C)C,C=C(C)C(=C)C,"2,3-dimethyl-1,3-butadiene"
CCC(C)C(C)C,,,CCC(C)C(C)C,CCC(C)C(C)C,"2,3-dimethylpentane"
Cc1c(F)c(F)c(F)c(F)c1F,,,Cc1c(F)c(F)c(F)c(F)c1F,Cc1c(F)c(F)c(F)c(F)c1F,"2,3,4,5,6-pentafluorotoluene"
CC(C)C(=O)C(C)C,,,CC(C)C(=O)C(C)C,CC(C)C(=O)C(C)C,"2,4-dimethyl-3-pentanone"
Cc1ccc(N)c(C)c1,,,Cc1ccc(N)c(C)c1,Cc1ccc(N)c(C)c1,"2,4-dimethylaniline"
CC(C)CC(C)C,,,CC(C)CC(C)C,CC(C)CC(C)C,"2,4-dimethylpentane"
Cc1ccnc(C)c1,,,Cc1ccnc(C)c1,Cc1ccnc(C)c1,"2,4-dimethylpyridine"
CC(=O)CC(C)=O,CC(=O)CC(C)=O,,CC(=O)CC(C)=O,CC(=O)CC(C)=O,"2,4-pentanedione"
CC1OC(C)OC(C)O1,CC1OC(C)OC(C)O1,,CC1OC(C)OC(C)O1,CC1OC(C)OC(C)O1,"2,4,6-trimethyl-1,3,5-trioxane"
Cc1cc(C)nc(C)c1,Cc1cc(C)nc(C)c1,,Cc1cc(C)nc(C)c1,Cc1cc(C)nc(C)c1,"2,4,6-trimethylpyridine"
CC(C)CC(=O)CC(C)C,,,CC(C)CC(=O)CC(C)C,CC(C)CC(=O)CC(C)C,"2,6-dimethyl-4-heptanone"
Cc1cccc(C)n1,,,Cc1cccc(C)n1,Cc1cccc(C)n1,"2,6-dimethylpyridine"
Nc1cccc(Br)c1,,,Nc1cccc(Br)c1,Nc1cccc(Br)c1,3-bromoaniline
CCC(Br)CC,,,CCC(Br)CC,CCC(Br)CC,3-bromopentane
C=CCBr,,,C=CCBr,C=CCBr,3-bromopropene
Brc1cccnc1,,,Brc1cccnc1,Brc1cccnc1,3-bromopyridine
Nc1cccc(Cl)c1,Nc1cccc(Cl)c1,,Nc1cccc(Cl)c1,Nc1cccc(Cl)c1,3-chloroaniline
C=CCCl,,,C=CCCl,C=CCCl,3-chloropropene
Cc1cccc(Cl)c1,,,Cc1cccc(Cl)c1,Cc1cccc(Cl)c1,3-chlorotoluene
CCC(CC)CC,,,CCC(CC)CC,CCC(CC)CC,3-ethylpentane
CCCCC(O)CC,,,CCCCC(O)CC,CCCCC(O)CC,3-heptanol
CCCCC(=O)CC,,,CCCCC(=O)CC,CCCCC(=O)CC,3-heptanone
C=CCN=C=S,,,C=CCN=C=S,C=CCN=C=S,3-isothiocyanatopropene
CC(C)CCO,CC(C)CCO,,CC(C)CCO,CC(C)CCO,3-methyl-1-butanol
CC(=O)C(C)C,,,CC(=O)C(C)C,CC(=O)C(C)C,3-methyl-2-butanone
Cc1cccc(N)c1,,,Cc1cccc(N)c1,Cc1cccc(N)c1,3-methylaniline
CC(C)CC(=O)O,CC(C)CC(=O)O,,CC(C)CC(=O)O,CC(C)CC(=O)O,3-methylbutanoic acid
CC(=O)OCCC(C)C,CC(C)CCCC(=O)[O-],,CC(=O)OCCC(C)C,,3-methylbutyl acetate
CCCC(C)CC,CCCC(C)CC,,CCCC(C)CC,CCCC(C)CC,3-methylhexane
Cc1cccc(O)c1,Cc1cccc(O)c1,,Cc1cccc(O)c1,Cc1cccc(O)c1,3-methylphenol
Cc1cccnc1,Cc1cccnc1,,Cc1cccnc1,Cc1cccnc1,3-methylpyridine
CCCCCC(O)CC,,,CCCCCC(O)CC,CCCCCC(O)CC,3-octanol
CCC(=O)CC,,,CCC(=O)CC,CCC(=O)CC,3-pentanone
CC(=O)C(C)(C)C,,,CC(=O)C(C)(C)C,CC(=O)C(C)(C)C,"3,3-dimethyl-2-butanone"
CCC(C)(C)CC,,,CCC(C)(C)CC,CCC(C)(C)CC,"3,3-dimethylpentane"
Cc1ccncc1C,,,Cc1ccncc1C,Cc1ccncc1C,"3,4-dimethylpyridine"
CCOCCOCCOCC,,,CCOCCOCCOCC,CCOCCOCCOCC,"3,6,9-trioxaundecane"
Cc1ccc(Cl)cc1,Cc1ccc(Cl)cc1,,Cc1ccc(Cl)cc1,Cc1ccc(Cl)cc1,4-chlorotoluene
CCc1ccncc1,,,CCc1ccncc1,CCc1ccncc1,4-ethylpyridine
Cc1ccc(F)cc1,,,Cc1ccc(F)cc1,Cc1ccc(F)cc1,4-fluorotoluene
CCCC(O)CCC,,,CCCC(O)CCC,CCCC(O)CCC,4-heptanol
CCCC(=O)CCC,,,CCCC(=O)CCC,CCCC(=O)CCC,4-heptanone
COc1ccc(N)cc1,COc1ccc(N)cc1,,COc1ccc(N)cc1,COc1ccc(N)cc1,4-methoxyaniline
C=CC=C(C)C,,,C=CC=C(C)C,C=CC=C(C)C,"4-methyl-1,3-pentadiene"
CC1COC(=O)O1,,,CC1COC(=O)O1,CC1COC(=O)O1,"4-methyl-2-oxo-1,3-dioxolane"
CC(=O)CC(C)C,,,CC(=O)CC(C)C,CC(=O)CC(C)C,4-methyl-2-pentanone
CCCC(C)C(O)CC,,,CCCC(C)C(O)CC,CCCC(C)C(O)CC,4-methyl-3-heptanol
CC(=O)C=C(C)C,,,CC(=O)C=C(C)C,CC(=O)C=C(C)C,4-methyl-3-penten-2-one
Cc1ccc(N)cc1,,,Cc1ccc(N)cc1,Cc1ccc(N)cc1,4-methylaniline
CC(C)CCC#N,,,CC(C)CCC#N,CC(C)CCC#N,4-methylpentanenitrile
Cc1ccncc1,,,Cc1ccncc1,Cc1ccncc1,4-methylpyridine
COc1ccc([N+](=O)[O-])cc1,COc1ccc([N+](=O)[O-])cc1,,COc1ccc([N+](=O)[O-])cc1,COc1ccc([N+](=O)[O-])cc1,4-nitroanisole
CCCCC(O)CCC,CCCCC(O)CCC,,CCCCC(O)CCC,CCCCC(O)CCC,4-octanol
,,,Cc1ccc(N(C)C)cc1,Cc1ccc(N(C)C)cc1,"4,n,n-trimethylaniline"
CCCCC(=O)CCCC,,,CCCCC(=O)CCCC,CCCCC(=O)CCCC,5-nonanone
c1cc2c3c(cccc3c1)CC2,,,c1cc2c3c(cccc3c1)CC2,c1cc2c3c(cccc3c1)CC2,acenaphthene
CC=NO,CC=NO,,CC=NO,CC=NO,acetaldoxime
CC(=O)O,CC(=O)O,,CC(=O)O,CC(=O)O,acetic acid
CC(=O)OC(C)=O,CC(=O)OC(C)=O,,CC(=O)OC(C)=O,CC(=O)OC(C)=O,acetic anhydride
CC#N,,,CC#N,CC#N,acetonitrile
CC(=O)c1ccccc1,,,CC(=O)c1ccccc1,CC(=O)c1ccccc1,acetophenone
CC(=O)Cl,CC(=O)Cl,,CC(=O)Cl,CC(=O)Cl,acetyl chloride
Nc1ccccc1,,,Nc1ccccc1,Nc1ccccc1,aniline
c1ccc2cc3ccccc3cc2c1,,,c1ccc2cc3ccccc3cc2c1,c1ccc2cc3ccccc3cc2c1,anthracene
O=Cc1ccccc1,,,O=Cc1ccccc1,O=Cc1ccccc1,benzaldehyde
c1ccccc1,,,c1ccccc1,c1ccccc1,benzene
N#Cc1ccccc1,,,N#Cc1ccccc1,N#Cc1ccccc1,benzonitrile
O=C(Cl)c1ccccc1,O=C(Cl)c1ccccc1,,O=C(Cl)c1ccccc1,O=C(Cl)c1ccccc1,benzoyl chloride
CC(=O)OCc1ccccc1,,,CC(=O)OCc1ccccc1,CC(=O)OCc1ccccc1,benzyl acetate
OCc1ccccc1,OCc1ccccc1,,OCc1ccccc1,OCc1ccccc1,benzyl alcohol
ClCc1ccccc1,ClCc1ccccc1,,ClCc1ccccc1,ClCc1ccccc1,benzyl chloride
NCc1ccccc1,,,NCc1ccccc1,NCc1ccccc1,benzylamine
c1ccc(-c2ccccc2)cc1,,,c1ccc(-c2ccccc2)cc1,c1ccc(-c2ccccc2)cc1,biphenyl
ClCCOCCCl,ClCCOCCCl,,ClCCOCCCl,ClCCOCCCl,bis(2-chloroethyl) ether
COCCOCCOC,COCCOCCOC,,COCCOCCOC,COCCOCCOC,bis(2-methoxyethyl) ether
Brc1ccccc1,,,Brc1ccccc1,Brc1ccccc1,bromobenzene
BrC1CCCCC1,,,BrC1CCCCC1,BrC1CCCCC1,bromocyclohexane
CCBr,,,CCBr,CCBr,bromoethane
ClC(Cl)(Cl)Br,,,ClC(Cl)(Cl)Br,ClC(Cl)(Cl)Br,bromotrichloromethane
CCCC=O,,,CCCC=O,CCCC=O,butanal
CCCC,,,CCCC,CCCC,butane
CCCC#N,CCCC#N,,CCCC#N,CCCC#N,butanenitrile
CCCCS,,,CCCCS,CCCCS,butanethiol
CCCC(=O)O,CCCC(=O)O,,CCCC(=O)O,CCCC(=O)O,butanoic acid
CCCCO,CCCCO,,CCCCO,CCCCO,butanol
CCCCOc1ccccc1,CCCCOc1ccccc1,,CCCCOc1ccccc1,CCCCOc1ccccc1,butoxybenzene
CCCCOC(C)=O,,,CCCCOC(C)=O,CCCCOC(C)=O,butyl acetate
CCCCN,CCCCN,,CCCCN,CCCCN,butylamine
S=C=S,,,S=C=S,S=C=S,carbon disulfide
Clc1ccccc1,,,Clc1ccccc1,Clc1ccccc1,chlorobenzene
ClC1CCCCC1,,,ClC1CCCCC1,ClC1CCCCC1,chlorocyclohexane
ClC=CCl,,,ClC=CCl,ClC=CCl,"cis-1,2-dichloroethene"
C1CCC2CCCCC2C1,,,C1CCC2CCCCC2C1,C1CCC2CCCCC2C1,cis-decalin
CC(C)c1ccccc1,CC(C)c1ccccc1,,CC(C)c1ccccc1,CC(C)c1ccccc1,cumene
C1=CC=CCC=C1,,,C1=CC=CCC=C1,C1=CC=CCC=C1,cycloheptatriene
NC1CCCCC1,NC1CCCCC1,,NC1CCCCC1,NC1CCCCC1,cyclohexanamine
C1CCCCC1,,,C1CCCCC1,C1CCCCC1,cyclohexane
O=C(O)C1CCCCC1,O=C(O)C1CCCCC1,,O=C(O)C1CCCCC1,O=C(O)C1CCCCC1,cyclohexanecarboxylic acid
OC1CCCCC1,,,OC1CCCCC1,OC1CCCCC1,cyclohexanol
O=C1CCCCC1,,,O=C1CCCCC1,O=C1CCCCC1,cyclohexanone
C1=CCCCC1,,,C1=CCCCC1,C1=CCCCC1,cyclohexene
CC(=O)OC1CCCCC1,,,CC(=O)OC1CCCCC1,CC(=O)OC1CCCCC1,cyclohexyl acetate
C1CCCCCCC1,,,C1CCCCCCC1,C1CCCCCCC1,cyclooctane
C1=CC=CC=CC=C1,,,C1=CC=CC=CC=C1,C1=CC=CC=CC=C1,cyclooctatetraene
C1CCCC1,,,C1CCCC1,C1CCCC1,cyclopentane
O=C1CCCC1,,,O=C1CCCC1,O=C1CCCC1,cyclopentanone
,C=C(C)C1CC=C(C)C(=O)C1,,,C=C(C)C1CC=C(C)C(=O)C1,d-carvone
CCCCCCCCCC,CCCCCCCCCC,,CCCCCCCCCC,CCCCCCCCCC,decane
CCCCCCCCCCO,CCCCCCCCCCO,,CCCCCCCCCCO,CCCCCCCCCCO,decanol
CCCCSCCCC,CCCCSCCCC,,CCCCSCCCC,CCCCSCCCC,di-n-butyl sulfide
c1ccc2c(c1)oc1ccccc12,,,c1ccc2c(c1)oc1ccccc12,c1ccc2c(c1)oc1ccccc12,dibenzofuran
c1ccc(COCc2ccccc2)cc1,c1ccc(COCc2ccccc2)cc1,,c1ccc(COCc2ccccc2)cc1,c1ccc(COCc2ccccc2)cc1,dibenzyl ether
BrCBr,BrCBr,,BrCBr,BrCBr,dibromomethane
CCCCOC(=O)CCCCCCCCC(=O)OCCCC,,,CCCCOC(=O)CCCCCCCCC(=O)OCCCC,CCCCOC(=O)CCCCCCCCC(=O)OCCCC,dibutyl decandioate
CCCCOCCCC,CCCCOCCCC,CCCCOCCCC,CCCCOCCCC,CCCCOCCCC,dibutyl ether
CCCCOC(=O)c1ccccc1C(=O)OCCCC,CCCCOC(=O)c1ccccc1C(=O)OCCCC,,CCCCOC(=O)c1ccccc1C(=O)OCCCC,CCCCOC(=O)c1ccccc1C(=O)OCCCC,dibutyl phthalate
CCCCNCCCC,,,CCCCNCCCC,CCCCNCCCC,dibutylamine
ClCCl,,,ClCCl,ClCCl,dichloromethane
OCCNCCO,,,OCCNCCO,OCCNCCO,diethanolamine
CCOC(=O)C=CC(=O)OCC,CC(C)(C)CC(C)(C)S,,CC(C)(C)CC(C)(C)S,,diethyl (2e)-2-butenedioate
CCOC(=O)C=CC(=O)OCC,CCC(C(=O)[O-])=C(CC)C(=O)[O-],,CCOC(=O)C=CC(=O)OCC,,diethyl (2z)-2-butenedioate
CCOC(=O)CCC(=O)OCC,CCC(CC(=O)[O-])C(=O)[O-],,CCOC(=O)CCC(=O)OCC,,diethyl butanedioate
CCOC(=O)OCC,CCOC(=O)OCC,,CCOC(=O)OCC,CCOC(=O)OCC,diethyl carbonate
CCSSCC,CCSSCC,,CCSSCC,CCSSCC,diethyl disulfide
CCOCC,CCOCC,,CCOCC,CCOCC,diethyl ether
CCOC(=O)C(=O)OCC,CCOC(=O)C(=O)[O-],,CCOC(=O)C(=O)OCC,,diethyl oxalate
CCOC(=O)CC(=O)OCC,CCC(CC)(C(=O)[O-])C(=O)[O-],,CCOC(=O)CC(=O)OCC,,diethyl propanedioate
CCSCC,CCSCC,,CCSCC,CCSCC,diethyl sulfide
CCNCC,,,CCNCC,CCNCC,diethylamine
OCCOCCO,OCCOCCO,,OCCOCCO,OCCOCCO,diethylene glycol
ICI,,,ICI,ICI,diiodomethane
CC(C)OC(C)C,CC(C)OC(C)C,,CC(C)OC(C)C,CC(C)OC(C)C,diisopropyl ether
CC(C)SC(C)C,CC(C)SC(C)C,,CC(C)SC(C)C,CC(C)SC(C)C,diisopropyl sulfide
CC(C)NC(C)C,,,CC(C)NC(C)C,CC(C)NC(C)C,diisopropylamine
COCOC,,,COCOC,COCOC,dimethoxymethane
COC(=O)OC,COC(=O)OC,,COC(=O)OC,COC(=O)OC,dimethyl carbonate
CSSC,CSSC,,CSSC,CSSC,dimethyl disulfide
COC(=O)c1ccccc1C(=O)OC,COC(=O)c1ccccc1C(=O)OC,,COC(=O)c1ccccc1C(=O)OC,COC(=O)c1ccccc1C(=O)OC,dimethyl phthalate
COC(=O)CC(=O)OC,CC(C)(C(=O)[O-])C(=O)[O-],,COC(=O)CC(=O)OC,,dimethyl propanedioate
COS(=O)(=O)OC,COS(=O)(=O)OC,,COS(=O)(=O)OC,COS(=O)(=O)OC,dimethyl sulfate
CSC,CSC,,CSC,CSC,dimethyl sulfide
CS(C)=O,CS(C)=O,,CS(C)=O,CS(C)=O,dimethyl sulfoxide
CN(C)C#N,,,CN(C)C#N,CN(C)C#N,dimethylcyanamide
C1COCCO1,,,C1COCCO1,C1COCCO1,dioxane
CCCCCOCCCCC,CCCCCOCCCCC,,CCCCCOCCCCC,CCCCCOCCCCC,dipentyl ether
c1ccc(Oc2ccccc2)cc1,c1ccc(Oc2ccccc2)cc1,,c1ccc(Oc2ccccc2)cc1,c1ccc(Oc2ccccc2)cc1,diphenyl ether
c1ccc(Cc2ccccc2)cc1,,,c1ccc(Cc2ccccc2)cc1,c1ccc(Cc2ccccc2)cc1,diphenylmethane
CCCOCCC,CCCOCCC,,CCCOCCC,CCCOCCC,dipropyl ether
CCCNCCC,,,CCCNCCC,CCCNCCC,dipropylamine
CCCCCCCCCCCC,,,CCCCCCCCCCCC,CCCCCCCCCCCC,dodecane
CC(O)O,OCCO,,OCCO,,ethanediol
CCS,,,CCS,CCS,ethanethiol
CCO,,,CCO,CCO,ethanol
CCOc1ccccc1,,,CCOc1ccccc1,CCOc1ccccc1,ethoxybenzene
CCOC(=O)C(C)O,,,CCOC(=O)C(C)O,CCOC(=O)C(C)O,ethyl 2-hydroxypropanoate
CCOC(=O)CC(C)=O,CCOC(=O)CC(C)=O,,CCOC(=O)CC(C)=O,CCOC(=O)CC(C)=O,ethyl 3-oxobutanoate
CCOC(C)=O,CCOC(C)=O,,CCOC(C)=O,CCOC(C)=O,ethyl acetate
CCOC(=O)c1ccccc1,CCOC(=O)c1ccccc1,,CCOC(=O)c1ccccc1,CCOC(=O)c1ccccc1,ethyl benzoate
CCCC(=O)OCC,CCCC(=O)OCC,,CCCC(=O)OCC,CCCC(=O)OCC,ethyl butanoate
CCOC(=O)CCl,CCOC(=O)CCl,,CCOC(=O)CCl,CCOC(=O)CCl,ethyl chloroacetate
CCOC(=O)CC#N,,,CCOC(=O)CC#N,CCOC(=O)CC#N,ethyl cyanoacetate
CCOC=O,CCOC=O,,CCOC=O,CCOC=O,ethyl formate
CCCCCC(=O)OCC,CCCCCC(=O)OCC,,CCCCCC(=O)OCC,CCCCCC(=O)OCC,ethyl hexanoate
CCN=C=S,CCN=C=S,,CCN=C=S,CCN=C=S,ethyl isothiocyanate
CCO[N+](=O)[O-],CCO[N+](=O)[O-],,CCO[N+](=O)[O-],CCO[N+](=O)[O-],ethyl nitrate
CCOC(=O)CC,CCOC(=O)CC,,CCOC(=O)CC,CCOC(=O)CC,ethyl propanoate
CCOC(=O)c1ccccc1O,CCOC(=O)c1ccccc1O,,CCOC(=O)c1ccccc1O,CCOC(=O)c1ccccc1O,ethyl salicylate
CCSC#N,CCSC#N,,CCSC#N,CCSC#N,ethyl thiocyanate
CCc1ccccc1,,,CCc1ccccc1,CCc1ccccc1,ethylbenzene
C#Cc1ccccc1,,,C#Cc1ccccc1,C#Cc1ccccc1,ethynylbenzene
Fc1ccccc1,,,Fc1ccccc1,Fc1ccccc1,fluorobenzene
NC=O,,,NC=O,NC=O,formamide
O=CO,O=CO,,O=CO,O=CO,formic acid
c1ccoc1,C#CC1(O)CCCCC1,,c1ccoc1,,furan
O=Cc1ccco1,,,O=Cc1ccco1,O=Cc1ccco1,furfural
CCCCCCC=O,,,CCCCCCC=O,CCCCCCC=O,heptanal
CCCCCCC,CCCCCCC,,CCCCCCC,CCCCCCC,heptane
CCCCCCCO,CCCCCCCO,,CCCCCCCO,CCCCCCCO,heptanol
CCCCCCCCCCCCCCCC,CCCCCCCCCCCCCCCC,,CCCCCCCCCCCCCCCC,CCCCCCCCCCCCCCCC,hexadecane
Fc1c(F)c(F)c(F)c(F)c1F,,,Fc1c(F)c(F)c(F)c(F)c1F,Fc1c(F)c(F)c(F)c(F)c1F,hexafluorobenzene
CN(C)P(=O)(N(C)C)N(C)C,,,CN(C)P(=O)(N(C)C)N(C)C,CN(C)P(=O)(N(C)C)N(C)C,hexamethylphosphoramide
CCCCCC,,,CCCCCC,CCCCCC,hexane
CCCCCC#N,,,CCCCCC#N,CCCCCC#N,hexanenitrile
CCCCCC(=O)O,CCCCCC(=O)O,,CCCCCC(=O)O,CCCCCC(=O)O,hexanoic acid
CCCCCCO,CCCCCCO,,CCCCCCO,CCCCCCO,hexanol
CCCCCCOC(C)=O,,,CCCCCCOC(C)=O,CCCCCCOC(C)=O,hexyl acetate
CCCCCCN,,,CCCCCCN,CCCCCCN,hexylamine
Ic1ccccc1,,,Ic1ccccc1,Ic1ccccc1,iodobenzene
CCI,,,CCI,CCI,iodoethane
CI,CI,,CI,CI,iodomethane
C=CC(=C)C,,,C=CC(=C)C,C=CC(=C)C,isoprene
CC(C)N,,,CC(C)N,CC(C)N,isopropylamine
c1ccc2cnccc2c1,,,c1ccc2cnccc2c1,c1ccc2cnccc2c1,isoquinoline
COc1ccccc1,COc1ccccc1,,COc1ccccc1,COc1ccccc1,methoxybenzene
COC(=O)c1ccccc1O,,,COC(=O)c1ccccc1O,COC(=O)c1ccccc1O,methyl 2-hydroxybenzoate
C=CC(=O)OC,C=CC(=O)OC,,C=CC(=O)OC,C=CC(=O)OC,methyl 2-propenoate
COC(C)=O,COC(C)=O,,COC(C)=O,COC(C)=O,methyl acetate
COC(=O)c1ccccc1,COC(=O)c1ccccc1,,COC(=O)c1ccccc1,COC(=O)c1ccccc1,methyl benzoate
CCCC(=O)OC,CCCC(=O)OC,,CCCC(=O)OC,CCCC(=O)OC,methyl butanoate
CCCCCCCCCC(=O)OC,,,CCCCCCCCCC(=O)OC,CCCCCCCCCC(=O)OC,methyl decanoate
CCCCCCCCCCCC(=O)OC,,,CCCCCCCCCCCC(=O)OC,CCCCCCCCCCCC(=O)OC,methyl dodecanoate
COC=O,COC=O,,COC=O,COC=O,methyl formate
CCCCCC(=O)OC,CCCCCC(=O)OC,,CCCCCC(=O)OC,CCCCCC(=O)OC,methyl hexanoate
CCCCCCCC(=O)OC,CCCCCCCC(=O)OC,,CCCCCCCC(=O)OC,CCCCCCCC(=O)OC,methyl octanoate
CCCCC(=O)OC,CCCCC(=O)OC,,CCCCC(=O)OC,CCCCC(=O)OC,methyl pentanoate
CCC(=O)OC,CCC(=O)OC,,CCC(=O)OC,CCC(=O)OC,methyl propanoate
CSC#N,CSC#N,,CSC#N,CSC#N,methyl thiocyanate
COC(=O)C(Cl)(Cl)Cl,COC(=O)C(Cl)(Cl)Cl,,COC(=O)C(Cl)(Cl)Cl,COC(=O)C(Cl)(Cl)Cl,methyl trichloroacetate
CCCCC,,,CCC(C)C,,methylbutane
CC1CCCCC1,,,CC1CCCCC1,CC1CCCCC1,methylcyclohexane
CC1CCCC1,,,CC1CCCC1,CC1CCCC1,methylcyclopentane
CSc1ccccc1,CSc1ccccc1,,CSc1ccccc1,CSc1ccccc1,methylsulfanylbenzene
C1COCCN1,,,C1COCCN1,C1COCCN1,morpholine
CNC(C)=O,,,CNC(C)=O,CNC(C)=O,n-methylacetamide
CNc1ccccc1,,,CNc1ccccc1,CNc1ccccc1,n-methylaniline
CNC1CCCCC1,CNC1CCCCC1,,CNC1CCCCC1,CNC1CCCCC1,n-methylcyclohexylamine
CNC=O,CNC=O,,CNC=O,CNC=O,n-methylformamide
CN1CCCCC1,,,CN1CCCCC1,CN1CCCCC1,n-methylpiperidine
CN1CCCC1=O,CN1CCCC1=O,,CN1CCCC1=O,CN1CCCC1=O,n-methylpyrrolidon
,,,CCN(CC)c1ccccc1,CCN(CC)c1ccccc1,"n,n-diethylaniline"
,,,CC(=O)N(C)C,CC(=O)N(C)C,"n,n-dimethylacetamide"
,,,CN(C)c1ccccc1,CN(C)c1ccccc1,"n,n-dimethylaniline"
,,,CN(C)C1CCCCC1,CN(C)C1CCCCC1,"n,n-dimethylcyclohexylamine"
,CN(C)C=O,,CN(C)C=O,CN(C)C=O,"n,n-dimethylformamide"
,CN(C)C(=O)N(C)C,,CN(C)C(=O)N(C)C,CN(C)C(=O)N(C)C,"n,n,n',n'-tetramethylurea"
c1ccc2ccccc2c1,,,c1ccc2ccccc2c1,c1ccc2ccccc2c1,naphthalene
O=[N+]([O-])O,O=[N+]([O-])O,,O=[N+]([O-])O,O=[N+]([O-])O,nitric acid
O=[N+]([O-])c1ccccc1,,,O=[N+]([O-])c1ccccc1,O=[N+]([O-])c1ccccc1,nitrobenzene
CC[N+](=O)[O-],,,CC[N+](=O)[O-],CC[N+](=O)[O-],nitroethane
C[N+](=O)[O-],,,C[N+](=O)[O-],C[N+](=O)[O-],nitromethane
CCCCCCCCC,CCCCCCCCC,,CCCCCCCCC,CCCCCCCCC,nonane
CCCCCCCCCO,CCCCCCCCCO,,CCCCCCCCCO,CCCCCCCCCO,nonanol
CCCCCCCC,,,CCCCCCCC,CCCCCCCC,octane
CCCCCCCC(=O)O,FC(Br)C(F)(F)F,,CCCCCCCC(=O)O,,octanoic acid
CCCCCCCCO,CCCCCCCCO,,CCCCCCCCO,CCCCCCCCO,octanol
CCCCCCCCN,CCCCCCCCN,,CCCCCCCCN,CCCCCCCCN,octylamine
C1CCOCC1,,C1CCOCC1,C1CCOCC1,C1CCOCC1,oxane
C1CO1,C1CO1,,C1CO1,C1CO1,oxirane
O=C1CCCO1,O=C1CCCO1,,O=C1CCCO1,O=C1CCCO1,oxolan-2-one
ClC(Cl)C(Cl)(Cl)Cl,,,ClC(Cl)C(Cl)(Cl)Cl,ClC(Cl)C(Cl)(Cl)Cl,pentachloroethane
CCCCC=O,CCCCC=O,,CCCCC=O,CCCCC=O,pentanal
CCCCC,,,CCCCC,CCCCC,pentane
CCCCC#N,CCCCC#N,,CCCCC#N,CCCCC#N,pentanenitrile
CCCCC(=O)O,,,CCCCC(=O)O,CCCCC(=O)O,pentanoic acid
CCCCCOC(C)=O,CCCCCOC(C)=O,,CCCCCOC(C)=O,CCCCCOC(C)=O,pentyl acetate
CCCCCOC=O,,,CCCCCOC=O,CCCCCOC=O,pentyl formate
CCCCCN,CCCCCN,,CCCCCN,CCCCCN,pentylamine
FC(F)(F)C(F)(F)C(F)(F)C(F)(F)C(F)(F)C(F)(F)C(F)(F)C(F)(F)F,FC(F)(F)C(F)(F)C(F)(F)C(F)(F)C(F)(F)C(F)(F)C(F)(F)C(F)(F)F,,FC(F)(F)C(F)(F)C(F)(F)C(F)(F)C(F)(F)C(F)(F)C(F)(F)C(F)(F)F,FC(F)(F)C(F)(F)C(F)(F)C(F)(F)C(F)(F)C(F)(F)C(F)(F)C(F)(F)F,perfluoro-n-octane
FC(F)(F)C1(F)C(F)(F)C(F)(F)C(F)(F)C(F)(F)C1(F)F,FC(F)(F)C1(F)C(F)(F)C(F)(F)C(F)(F)C(F)(F)C1(F)F,,FC(F)(F)C1(F)C(F)(F)C(F)(F)C(F)(F)C(F)(F)C1(F)F,FC(F)(F)C1(F)C(F)(F)C(F)(F)C(F)(F)C(F)(F)C1(F)F,perfluoro(methylcyclohexane)
Oc1ccccc1,,,Oc1ccccc1,Oc1ccccc1,phenol
CC(=O)Oc1ccccc1,O=C([O-])Cc1ccccc1,,CC(=O)Oc1ccccc1,,phenyl acetate
S=C=Nc1ccccc1,S=C=Nc1ccccc1,,S=C=Nc1ccccc1,S=C=Nc1ccccc1,phenyl isothiocyanate
NNc1ccccc1,NNc1ccccc1,,NNc1ccccc1,NNc1ccccc1,phenylhydrazine
O=C=Nc1ccccc1,O=C=Nc1ccccc1,,O=C=Nc1ccccc1,O=C=Nc1ccccc1,phenylisocyanate
O=P(Cl)(Cl)Cl,,,O=P(Cl)(Cl)Cl,O=P(Cl)(Cl)Cl,phosphorus oxychloride
ClP(Cl)Cl,ClP(Cl)Cl,,,ClP(Cl)Cl,phosphorus trichloride
C1CCNCC1,,,C1CCNCC1,C1CCNCC1,piperidine
CCC=O,,,CCC=O,CCC=O,propanal
CCC,,,CCC,CCC,propane
N#CCC#N,N#CCC#N,,N#CCC#N,N#CCC#N,propanedinitrile
CCC#N,CCC#N,,CCC#N,CCC#N,propanenitrile
CCC(=O)O,CCC(=O)O,,CCC(=O)O,CCC(=O)O,propanoic acid
CCCO,,,CCCO,CCCO,propanol
C=CC,,,C=CC,C=CC,propene
CCCOC(C)=O,,,CCCOC(C)=O,CCCOC(C)=O,propyl acetate
CCCOC=O,,,CCCOC=O,CCCOC=O,propyl formate
CCCO[N+](=O)[O-],CCCO[N+](=O)[O-],,CCCO[N+](=O)[O-],CCCO[N+](=O)[O-],propyl nitrate
CCCOC(=O)CC,CCCOC(=O)CC,,CCCOC(=O)CC,CCCOC(=O)CC,propyl propanoate
CCCN,CCCN,,CCCN,CCCN,propylamine
CCCc1ccccc1,CCCc1ccccc1,,CCCc1ccccc1,CCCc1ccccc1,propylbenzene
c1cnccn1,,,c1cnccn1,c1cnccn1,pyrazine
c1ccncc1,,,c1ccncc1,c1ccncc1,pyridine
c1cc[nH]c1,,,c1cc[nH]c1,c1cc[nH]c1,pyrrole
C1CCNC1,,,C1CCNC1,C1CCNC1,pyrrolidine
c1ccc2ncccc2c1,c1ccc2ncccc2c1,,c1ccc2ncccc2c1,c1ccc2ncccc2c1,quinoline
O=Cc1ccccc1O,CC(S)c1cccs1,,O=Cc1ccccc1O,,salicylaldehyde
C=Cc1ccccc1,,,C=Cc1ccccc1,C=Cc1ccccc1,styrene
O=S1(=O)CCCC1,O=S1(=O)CCCC1,,O=S1(=O)CCCC1,O=S1(=O)CCCC1,sulfolane
O=S(=O)(Cl)Cl,O=S(=O)(Cl)Cl,,O=S(=O)(Cl)Cl,O=S(=O)(Cl)Cl,sulfuryl chloride
ClC(Cl)=C(Cl)Cl,,,ClC(Cl)=C(Cl)Cl,ClC(Cl)=C(Cl)Cl,tetrachloroethene
ClC(Cl)(Cl)Cl,ClC(Cl)(Cl)Cl,,ClC(Cl)(Cl)Cl,ClC(Cl)(Cl)Cl,tetrachloromethane
C1CCOC1,C1CCOC1,,C1CCOC1,C1CCOC1,tetrahydrofuran
c1ccc2c(c1)CCCC2,c1ccc2c(c1)CCCC2,,c1ccc2c(c1)CCCC2,c1ccc2c(c1)CCCC2,tetrahydronaphthalene
C[Si](C)(C)C,,,C[Si](C)(C)C,C[Si](C)(C)C,tetramethylsilane
O=[N+]([O-])C([N+](=O)[O-])([N+](=O)[O-])[N+](=O)[O-],O=[N+]([O-])C([N+](=O)[O-])([N+](=O)[O-])[N+](=O)[O-],,O=[N+]([O-])C([N+](=O)[O-])([N+](=O)[O-])[N+](=O)[O-],O=[N+]([O-])C([N+](=O)[O-])([N+](=O)[O-])[N+](=O)[O-],tetranitromethane
C1CCSCC1,C1CCSCC1,,C1CCSCC1,C1CCSCC1,thiane
O=S(Cl)Cl,O=S(Cl)Cl,,,O=S(Cl)Cl,thionyl chloride
c1ccsc1,NC(=O)NNC(N)=O,,c1ccsc1,,thiophene
Cc1ccccc1,,,Cc1ccccc1,Cc1ccccc1,toluene
ClC=CCl,,,ClC=CCl,ClC=CCl,"trans-1,2-dichloroethene"
C1CCC2CCCCC2C1,,,C1CCC2CCCCC2C1,C1CCC2CCCCC2C1,trans-decalin
CC(=O)OCC(COC(C)=O)OC(C)=O,CC(=O)OCC(COC(C)=O)OC(C)=O,,CC(=O)OCC(COC(C)=O)OC(C)=O,CC(=O)OCC(COC(C)=O)OC(C)=O,triacetin
BrC(Br)Br,,,BrC(Br)Br,BrC(Br)Br,tribromomethane
CCCCN(CCCC)CCCC,CCCCN(CCCC)CCCC,,CCCCN(CCCC)CCCC,CCCCN(CCCC)CCCC,tributylamine
N#CC(Cl)(Cl)Cl,N#CC(Cl)(Cl)Cl,,N#CC(Cl)(Cl)Cl,N#CC(Cl)(Cl)Cl,trichloroethanenitrile
ClC=C(Cl)Cl,,,ClC=C(Cl)Cl,ClC=C(Cl)Cl,trichloroethene
FC(Cl)(Cl)Cl,FC(Cl)(Cl)Cl,,FC(Cl)(Cl)Cl,FC(Cl)(Cl)Cl,trichlorofluoromethane
ClC(Cl)Cl,,,ClC(Cl)Cl,ClC(Cl)Cl,trichloromethane
O=[N+]([O-])C(Cl)(Cl)Cl,,,O=[N+]([O-])C(Cl)(Cl)Cl,O=[N+]([O-])C(Cl)(Cl)Cl,trichloronitromethane
C1=CC2C3C=CC(C3)C2C1,,,C1=CC2C3C=CC(C3)C2C1,C1=CC2C3C=CC(C3)C2C1,"tricyclo[5.2.1.02,6]deca-3,8-diene"
CCOC(OCC)OCC,CCOC(OCC)OCC,,CCOC(OCC)OCC,CCOC(OCC)OCC,triethoxymethane
CCOP(=O)(OCC)OCC,CCOP(=O)(OCC)OCC,,CCOP(=O)(OCC)OCC,CCOP(=O)(OCC)OCC,triethyl phosphate
CCN(CC)CC,,,CCN(CC)CC,CCN(CC)CC,triethylamine
O=C(O)C(F)(F)F,O=C(O)C(F)(F)F,,O=C(O)C(F)(F)F,O=C(O)C(F)(F)F,trifluoroacetic acid
FC(F)(F)c1ccccc1,,,FC(F)(F)c1ccccc1,FC(F)(F)c1ccccc1,trifluoromethylbenzene
COP(=O)(OC)OC,COP(=O)(OC)OC,,COP(=O)(OC)OC,COP(=O)(OC)OC,trimethyl phosphate
c1ccc(C(c2ccccc2)c2ccccc2)cc1,,,c1ccc(C(c2ccccc2)c2ccccc2)cc1,c1ccc(C(c2ccccc2)c2ccccc2)cc1,triphenylmethane
CCCCCCCCCCC,CCCCCCCCCCC,,CCCCCCCCCCC,CCCCCCCCCCC,undecane
CCCCCCCCCCCO,CCCCCCCCCCCO,,CCCCCCCCCCCO,CCCCCCCCCCCO,undecanol
C=COC(C)=O,C=CCC(=O)[O-],,C=COC(C)=O,,vinyl acetate
O,O,,O,O,water
CC1(C)OCC(CO)O1,,,,CC1(C)OCC(CO)O1,"(2,2-dimethyl-1,3-dioxolan-4-yl)methanol"
ClC=CCl,,,,ClC=CCl,"(e)-1,2-dichloroethene"
FC(F)(F)Oc1ccccc1,FC(F)(F)Oc1ccccc1,,,FC(F)(F)Oc1ccccc1,(trifluoromethoxy)benzene
ClC=CCl,,,,ClC=CCl,"(z)-1,2-dichloroethene"
C=C(C)C1CC=C(C)CC1,C=C(C)C1CC=C(C)CC1,,,C=C(C)C1CC=C(C)CC1,1-methyl-4-(prop-1-en-2-yl)cyclohex-1-ene
CN1CCCCCC1=O,CN1CCCCCC1=O,,,CN1CCCCCC1=O,1-methylazepan-2-one
OC(C(F)(F)F)C(F)(F)F,,,,OC(C(F)(F)F)C(F)(F)F,"1,1,1,3,3,3-hexafluoropropan-2-ol"
CC(=O)OCC(C)OC(C)=O,,,,CC(=O)OCC(C)OC(C)=O,"1,2-diacetoxypropane"
COCC(C)OC,,,,COCC(C)OC,"1,2-dimethoxypropane"
OCCO,OCCO,,,OCCO,"1,2-ethanediol"
Fc1c(F)c(F)c(C(F)(F)F)c(F)c1F,Fc1c(F)c(F)c(C(F)(F)F)c(F)c1F,,,Fc1c(F)c(F)c(C(F)(F)F)c(F)c1F,"1,2,3,4,5-pentafluoro-6-(trifluoromethyl)benzene"
C1COCO1,,,,C1COCO1,"1,3-dioxolane"
C1CSCS1,,,,C1CSCS1,"1,3-dithiolane"
O=S1OCCO1,,,,O=S1OCCO1,"1,3,2-dioxathiolane-2-oxide"
C1COCCO1,,,,C1COCCO1,"1,4-dioxane"
,C1CCC2=NCCCN2CC1,,,C1CCC2=NCCCN2CC1,"1,8-diazabicycloundec-7-ene"
CCOCCOC(C)=O,,,,CCOCCOC(C)=O,2-ethoxyethyl acetate
CCCCC(CC)CO,,,,CCCCC(CC)CO,2-ethylhexanol
COCC(C)OCC(C)OC,COCC(C)OC,,,,2-methoxy-1-[(1-methoxy-2-propanyl)oxy]propane
CCC(C)CO,,,,CCC(C)CO,2-methyl butanol
CCC(C)(C)O,CCC(C)(C)O,,,CCC(C)(C)O,2-methylbutan-2-ol
CC1CCCCC1=O,,,,CC1CCCCC1=O,2-methylcyclohexanone
CC(C)CO,CC(C)CO,,,CC(C)CO,2-methylpropan-1-ol
Cc1ccccn1,Cc1ccccn1,,,Cc1ccccn1,2-methylpyridine
COC(C)(C)OC,,,,COC(C)(C)OC,"2,2-dimethoxypropane"
CC1(C)OCCO1,,,,CC1(C)OCCO1,"2,2-dimethyl-1,3-dioxolane"
O=C(O)C(F)(F)F,O=C(O)C(F)(F)F,,,O=C(O)C(F)(F)F,"2,2,2-trifluoroacetic acid"
O=C(OC(=O)C(F)(F)F)C(F)(F)F,O=C(OC(=O)C(F)(F)F)C(F)(F)F,,,O=C(OC(=O)C(F)(F)F)C(F)(F)F,"2,2,2-trifluoroacetic anhydride"
OCC(F)(F)F,,,,OCC(F)(F)F,"2,2,2-trifluoroethanol"
CC(C)C(=O)OCC(C)(C)C(O)C(C)C,,,,CC(C)C(=O)OCC(C)(C)C(O)C(C)C,"2,2,4-trimethyl-1,3-pentanediol 1-isobutyrate"
CC(C)CCO,,,,CC(C)CCO,3-methylbutan-1-ol
CC1=CC(=O)CC(C)(C)C1,CC1=CC(=O)CC(C)(C)C1,,,CC1=CC(=O)CC(C)(C)C1,"3,5,5-trimethylcyclohex-2-enone"
CC(=O)CC(C)(C)O,,,,CC(=O)CC(C)(C)O,4-hydroxy-4-methylpentan-2-one
CC1CCC(CO)CC1,,,,CC1CCC(CO)CC1,4-methylcyclohexanemethanol
FC(F)(F)c1ccccc1,,,,FC(F)(F)c1ccccc1,benzotrifluoride
O=C(OCc1ccccc1)c1ccccc1,,,,O=C(OCc1ccccc1)c1ccccc1,benzyl benzoate
CCCCO,,,,CCCCO,butan-1-ol
CCC(C)O,,,,CCC(C)O,butan-2-ol
,CCCCOCCOCCOCCO,,,CCCCOCCOCCOCCO,butoxytriglycol
,CCCCOCCOCCO,,,CCCCOCCOCCO,butyl carbitol
,CCCCOCCOCCOC(C)=O,,,CCCCOCCOCCOC(C)=O,butyl carbitol acetate
,CCCCOCCO,,,CCCCOCCO,butyl cellosolve
CCCCOCCOC(C)=O,,,,CCCCOCCOC(C)=O,butyl cellosolve acetate
CCCCOC=O,,,,CCCCOC=O,butyl formate
CCCCc1ccccc1,,,,CCCCc1ccccc1,butylbenzene
CCCC(=O)O,,,,CCCC(=O)O,butyric acid
CCOCCOCCO,CCOCCOCCO,,,CCOCCOCCO,carbitol
ClC(Cl)Cl,,,,ClC(Cl)Cl,chloroform
C[Si]1(C)O[Si](C)(C)O[Si](C)(C)O[Si](C)(C)O[Si](C)(C)O1,,,,C[Si]1(C)O[Si](C)(C)O[Si](C)(C)O[Si](C)(C)O[Si](C)(C)O1,decamethylcyclopentasiloxane
C[Si](C)(C)O[Si](C)(C)O[Si](C)(C)O[Si](C)(C)C,,,,C[Si](C)(C)O[Si](C)(C)O[Si](C)(C)O[Si](C)(C)C,decamethyltetrasiloxane
CC(C)OC(C)C,,,,CC(C)OC(C)C,di-isopropylether
CCOCCOCCOCC,,,,CCOCCOCCOCC,diethyleneglycol diethyl ether
O=C1CCCO1,O=C1CCCO1,,,O=C1CCCO1,dihydrofuran-2(3h)-one
COS(=O)OC,,,,COS(=O)OC,dimethyl sulfite
COCC(C)OCC(C)OC,,,,COCC(C)OCC(C)OC,dipropylene glycol dimethyl ether
CN1CCN(C)C1=O,,,,CN1CCN(C)C1=O,"1,3-dimethylimidazolidin-2-one"
,COC(C)COC(C)CO,,,COC(C)COC(C)CO,dpm glycol ether
,COC(C)COC(C)COC(C)=O,,,COC(C)COC(C)COC(C)=O,dpma glycol ether
,CCCCOC(C)COC(C)CO,,,CCCCOC(C)COC(C)CO,dpnb glycol ether
,CCCOCC(C)OCC(C)O,,,CCCOCC(C)OCC(C)O,dpnp glycol ether
,OCCOc1ccccc1,,,OCCOc1ccccc1,eph glycol ether
CC(=O)OCCOC(C)=O,CC(=O)OCCOC(C)=O,,,CC(=O)OCCOC(C)=O,"ethane-1,2-diyl diacetate"
CCOCCC(=O)OCC,,,,CCOCCC(=O)OCC,ethyl 3-ethoxypropionate
CCCC(=O)OCC,,,,CCCC(=O)OCC,ethyl butyrate
CCOC(=O)CC,,,,CCOC(=O)CC,ethyl propionate
CCC1CCCCC1,,,,CCC1CCCCC1,ethylcyclohexane
C[Si](C)(C)O[Si](C)(C)C,,,,C[Si](C)(C)O[Si](C)(C)C,hexamethyldisiloxane
CCCCC(C)=O,CCCCC(C)=O,,,CCCCC(C)=O,hexan-2-one
N#CCCCCC#N,,,,N#CCCCCC#N,hexanedinitrile
CCCCCCOCCOCCO,CCCCCCOCCOCCO,,,CCCCCCOCCOCCO,hexyl carbitol
CN(C)P(=O)(N(C)C)N(C)C,,,,CN(C)P(=O)(N(C)C)N(C)C,hmpa
,CC(C)O,,,CC(C)O,ipa
CC(=O)OCC(C)C,,,,CC(=O)OCC(C)C,iso-butyl acetate
CC(=O)OC(C)C,,,,CC(=O)OC(C)C,iso-propyl acetate
CC(C)C(=O)O,,,,CC(C)C(=O)O,isobutyric acid
CC(=O)OCCC(C)C,CC(=O)OCCC(C)C,,,CC(=O)OCCC(C)C,isopentyl acetate
CCCC(=O)OC,,,,CCCC(=O)OC,methyl butyrate
COCCOCCO,COCCOCCO,,,COCCOCCO,methyl carbitol
CC(C)CC(C)O,,,,CC(C)CC(C)O,methyl isobutyl carbinol
CCC(=O)OC,,,,CCC(=O)OC,methyl propionate
COC(C)(C)C,COC(C)(C)C,,,COC(C)(C)C,mtbe
CCCCOC(C)=O,,,,CCCCOC(C)=O,n-butyl acetate
CCN(C(C)C)C(C)C,,,,CCN(C(C)C)C(C)C,n-ethyl-n-isopropylpropan-2-amine
CCNc1ccccc1,,,,CCNc1ccccc1,n-ethylaniline
CCCCCC,,,,CCCCCC,n-hexane
CN1CCOCC1,,,,CN1CCOCC1,n-methylmorpholine
CN1CCCC1=O,CN1CCCC1=O,,,CN1CCCC1=O,n-methylpyrrolidone
CCCCCCCC,,,,CCCCCCCC,n-octane
CCCCC,,,,CCCCC,n-pentane
CCCCCOC(C)=O,,,,CCCCCOC(C)=O,n-pentyl acetate
CCCCCOC(=O)CC,,,,CCCCCOC(=O)CC,n-pentyl propionate
CCCOC(C)=O,,,,CCCOC(C)=O,n-propyl acetate
CCCOC(=O)CC,,,,CCCOC(=O)CC,n-propyl propionate
,CCN1CCCC1=O,,,CCN1CCCC1=O,nep
C[Si]1(C)O[Si](C)(C)O[Si](C)(C)O[Si](C)(C)O1,,,,C[Si]1(C)O[Si](C)(C)O[Si](C)(C)O[Si](C)(C)O1,octamethylcyclotetrasiloxane
C[Si](C)(C)O[Si](C)(C)O[Si](C)(C)C,,,,C[Si](C)(C)O[Si](C)(C)O[Si](C)(C)C,octamethyltrisiloxane
Cc1ccc(C)cc1,,,,Cc1ccc(C)cc1,p-xylene
CN(C)P(C)(=O)N(C)C,,,,CN(C)P(C)(=O)N(C)C,pentamethyl phosphonic diamide
CCCCCO,,,,CCCCCO,pentan-1-ol
CCCC(C)O,,,,CCCC(C)O,pentan-2-ol
CCCC(C)=O,,,,CCCC(C)=O,pentan-2-one
CCC(O)CC,,,,CCC(O)CC,pentan-3-ol
CCC(=O)CC,,,,CCC(=O)CC,pentan-3-one
Fc1c(F)c(F)c(F)c(F)c1F,,,,Fc1c(F)c(F)c(F)c(F)c1F,perfluorobenzene
FC1(F)C(F)(F)C(F)(F)C2(F)C(F)(F)C(F)(F)C(F)(F)C(F)(F)C2(F)C1(F)F,,,,FC1(F)C(F)(F)C(F)(F)C2(F)C(F)(F)C(F)(F)C(F)(F)C(F)(F)C2(F)C1(F)F,perfluorodecalin
,CC(=O)OCC(C)OC(C)=O,,,CC(=O)OCC(C)OC(C)=O,pgda glycol ether
,COCC(C)O,,,COCC(C)O,pm glycol ether
,COCC(C)OC(C)=O,,,COCC(C)OC(C)=O,pma glycol ether
,CCCCOCC(C)O,,,CCCCOCC(C)O,pnb glycol ether
,CCCOCC(C)O,,,CCCOCC(C)O,pnp glycol ether
,CC(O)COc1ccccc1,,,CC(O)COc1ccccc1,pph glycol ether
CCCO,,,,CCCO,propan-1-ol
,,,,,proprionitrile
CCCOCCO,CCCOCCO,,,CCCOCCO,propyl cellosolve
CC1COC(=O)O1,CC1COC(=O)O1,,,CC1COC(=O)O1,propylene carbonate
CC(O)CO,,,,CC(O)CO,propylene glycol
c1ccnnc1,,,,c1ccnnc1,pyridazine
c1cncnc1,,,,c1cncnc1,pyrimidine
OCCOCCOCCOCCO,,,,OCCOCCOCCOCCO,tetraethylene glycol
CCN(CC)S(=O)(=O)N(CC)CC,,,,CCN(CC)S(=O)(=O)N(CC)CC,tetraethylsulfamide
C1CCSC1,,,,C1CCSC1,tetrahydrothiophene
O=S1CCCC1,,,,O=S1CCCC1,tetrahydrothiophene 1-oxide
COC(OC)(OC)OC,,,,COC(OC)(OC)OC,tetramethoxymethane
,CN(C)C(=O)N(C)C,,,CN(C)C(=O)N(C)C,tmu
,COC(C)COC(C)COC(C)CO,,,COC(C)COC(C)COC(C)CO,tpm glycol ether
,CCCCOC(C)COC(C)COC(C)CO,,,CCCCOC(C)COC(C)COC(C)CO,tpnb glycol ether
OCCN(CCO)CCO,,,,OCCN(CCO)CCO,triethanolamine
OCCOCCOCCO,,,,OCCOCCOCCO,triethylene glycol
COCCOCCOCCOC,COCCOCCOCCOC,,,COCCOCCOCCOC,triglyme
COC(OC)OC,COC(OC)OC,,,COC(OC)OC,trimethoxymethane
COCC(C)O,,,COCC(C)O,COCC(C)O,1-methoxypropan-2-ol
CCCCCO,,,,CCCCCO,1-pentanol
COCC(COC)OC,,,COCC(COC)OC,COCC(COC)OC,"1,2,3-trimethoxy propane"
OCCCO,,,OCCCO,OCCCO,"1,3-propanediol"
,,,CCCCC(CC)COC(C)=O,CCCCC(CC)COC(C)=O,2-ethylhexylacetate
CC(C)O,CC(C)O,,CC(C)O,CC(C)O,2-propanol
O=C1OCCCCO1,,,CCC1COC(=O)O1,,butylene carbonate
COC1CCCC1,COC1CCCC1,,COC1CCCC1,COC1CCCC1,cyclopentyl methyl ether
,,,O=C1CCC2COC1O2,O=C1CCC2COC1O2,cyrene
CCCCOC(=O)CCC(=O)OCCCC,,,CCCCOC(=O)CCC(=O)OCCCC,CCCCOC(=O)CCC(=O)OCCCC,dibutyl succinate
COC(=O)CCCCC(=O)OC,,,COC(=O)CCCCC(=O)OC,COC(=O)CCCCC(=O)OC,dimethyl adipate
,,,COC1COC2C(OC)COC12,COC1COC2C(OC)COC12,dimethyl isosorbide
CCOC(=O)C(C)O,,,CCOC(=O)C(C)O,CCOC(=O)C(C)O,ethyl lactate
CCOC(C)(C)C,CCOC(C)(C)C,,CCOC(C)(C)C,CCOC(C)(C)C,ethyl tert-butyl ether
OCc1ccco1,,,OCc1ccco1,OCc1ccco1,furfuryl alcohol
CC1CCC(=O)O1,,CC1CCC(=O)O1,CC1CCC(=O)O1,CC1CCC(=O)O1,gamma-valerolactone
CC(=O)OCCOC(C)=O,,,CC(=O)OCCOC(C)=O,CC(=O)OCCOC(C)=O,glycol diacetate
CC(=O)OC(C)C,,,CC(=O)OC(C)C,CC(=O)OC(C)C,isopropyl acetate
CO,,,CO,CO,methanol
CCCCCCCCC=CCCCCCCCC(=O)OC,,,CCCCCCCCC=CCCCCCCCC(=O)OCC,,methyl oleate
Cc1ccc(C(C)C)cc1,,,Cc1ccc(C(C)C)cc1,Cc1ccc(C(C)C)cc1,p-cymene
,,,C=C(C)C1CC=C(C)CC1,C=C(C)C1CC=C(C)CC1,p-limonene
CC(=O)OC(C)(C)C,,,CC(=O)OC(C)(C)C,CC(=O)OC(C)(C)C,t-butyl acetate
CCOC(C)(C)CC,,,CCC(C)(C)OC,,tert-amyl ethyl ether
OCC1CCCO1,OCC1CCCO1,,OCC1CCCO1,OCC1CCCO1,tetrahydro furfuryl alcohol
CC1(C)CCOC1(C)C,,,CC1(C)CCC(C)(C)O1,,tetramethyl tetrahydrofurane
,,,,,xylenes